id,Category,name,subtitle,price,discount_price,main_image_url,secondary_image_url,nutritional_info
2080,Gazpacho y cremas,Salmorejo al estilo cordobés Hacendado,3 mini bricks x 330 ml,"2,65 €",,https://prod-mercadona.imgix.net/images/43db65b213354712e5cebf8909518f34.jpg?fit=crop&h=600&w=600,https://prod-mercadona.imgix.net/images/2528c77786a4d2e43206a8926dc6e5da.jpg?fit=crop&h=600&w=600,"Salmorejo al estilo cordobés Hacendado, 3 mini bricks x 330 Mililitros, 2,65€ por Pack"
1959,Leche y bebidas vegetales,Leche semidesnatada Hacendado,6 mini bricks x 200 ml,"1,59 €",,https://prod-mercadona.imgix.net/images/f16c6d550a0a4236222a7dfdea3017ca.jpg?fit=crop&h=600&w=600,https://prod-mercadona.imgix.net/images/29615775857e0cf0c335adf43e0b7644.jpg?fit=crop&h=600&w=600,"Leche semidesnatada Hacendado, 6 mini bricks x 200 Mililitros, 1,59€ por Pack"
528,Aves y jamón cocido,Salchichón de pavo extra Hacendado lonchas,"4 paquetes x 37,5 g","2,80 €",,https://prod-mercadona.imgix.net/images/b98c684f52d2fef684676edd1ae0fd55.jpg?fit=crop&h=600&w=600,https://prod-mercadona.imgix.net/images/5df9b6de469ff9a2fb1b7979b95fc46b.jpg?fit=crop&h=600&w=600,"Salchichón de pavo extra Hacendado lonchas, 4 paquetes x 37,5 Gramos, 2,80€ por Pack"
3808,Toallitas y pañales,Toallitas bebé frescas & perfumadas Deliplus,Paquete 24 ud.,"0,75 €",,https://prod-mercadona.imgix.net/images/9166489977350fa348c500259a885606.jpg?fit=crop&h=600&w=600,https://prod-mercadona.imgix.net/images/94f5c3a90fc461bd96ea17f5b8e731fa.jpg?fit=crop&h=600&w=600,"Toallitas bebé frescas & perfumadas Deliplus, Paquete, 24 Unidades, 0,75€ por Unidad"
2737,Refresco de té y sin gas,Refresco Berry Lime Hacendado sin gas,"Botella 1,5 L","1,10 €",,https://prod-mercadona.imgix.net/images/1fb220960a36e3556316c5a96bb63fa1.jpg?fit=crop&h=600&w=600,https://prod-mercadona.imgix.net/images/0516909f72d84397325b9c5c5ee32c73.jpg?fit=crop&h=600&w=600,"Refresco Berry Lime Hacendado sin gas, Botella, 1,5 Litros, 1,10€ por Unidad"
2545,Frutos secos y fruta desecada,Cocktail crunchy sabores Hacendado,Paquete 200 g,"1,75 €",,https://prod-mercadona.imgix.net/images/270c4b2efd708975d5d3c0d625302af2.jpg?fit=crop&h=600&w=600,https://prod-mercadona.imgix.net/images/923fcf0a948aafad1786707d48043c77.jpg?fit=crop&h=600&w=600,"Cocktail crunchy sabores Hacendado, Paquete, 200 Gramos, 1,75€ por Unidad"
2365,Pizzas,Pizza boloñesa Hacendado ultracongelada,400 g,"2,60 €",,https://prod-mercadona.imgix.net/images/ab18ce5b4c4911f66cee4ea95327f2a2.jpg?fit=crop&h=600&w=600,https://prod-mercadona.imgix.net/images/c39333f4f5d26e7c6b5fa3d2d03b4476.jpg?fit=crop&h=600&w=600,"Pizza boloñesa Hacendado ultracongelada, 400 Gramos, 2,60€ por Unidad"
1073,Bollería envasada,Croissant relleno de crema al cacao Hacendado,Paquete 9 ud. (375 g),"1,95 €",,https://prod-mercadona.imgix.net/images/cc93709a5e1b83443f90f51845f6f30e.jpg?fit=crop&h=600&w=600,https://prod-mercadona.imgix.net/images/38d7b00be3148f44db0638c5de9ea1a9.jpg?fit=crop&h=600&w=600,"Croissant relleno de crema al cacao Hacendado, Paquete, 9 Unidades (375 g), 1,95€ por Unidad"
442,Empanados y elaborados,Filetes lomo de cerdo adobado,Bandeja 470 g aprox.,"3,38 €",,https://prod-mercadona.imgix.net/images/ea50f7da52090f60c39a191a2cbab19f.jpg?fit=crop&h=600&w=600,https://prod-mercadona.imgix.net/images/75ef829c3392e6134e4e426e0ad68730.jpg?fit=crop&h=600&w=600,"Filetes lomo de cerdo adobado, Bandeja, 470 Gramos aprox., 3,38€ por Unidad"
4069,Perfume y colonia,Extrait de parfum mujer Ámbar,Frasco 50 ml,"9,00 €",,https://prod-mercadona.imgix.net/images/f1b9fd549af4fc42ad74c22c1bcae233.jpg?fit=crop&h=600&w=600,https://prod-mercadona.imgix.net/images/adad244359d5eefe5b420ff68ccc0d3c.jpg?fit=crop&h=600&w=600,"Extrait de parfum mujer Ámbar, Frasco, 50 Mililitros, 9,00€ por Unidad"
462,Empanados y elaborados,Filetes de pechuga de pollo adobada cocida,Bandeja 300 g,"3,15 €",,https://prod-mercadona.imgix.net/images/935353fc0717591be78a003e94d8769d.jpg?fit=crop&h=600&w=600,https://prod-mercadona.imgix.net/images/7165ff420a56aa3d6fd79c7a4b5b30ca.jpg?fit=crop&h=600&w=600,"Filetes de pechuga de pollo adobada cocida, Bandeja, 300 Gramos, 3,15€ por Unidad"
4185,Limpieza muebles y multiusos,Multiusos Perfumado Bosque Verde,Botella 1 L,"1,30 €",,https://prod-mercadona.imgix.net/images/023e47cacc6b6b646be2cf431d8fe270.jpg?fit=crop&h=600&w=600,https://prod-mercadona.imgix.net/images/db1f2ed42338c8ed3ff25d547dbaee8b.jpg?fit=crop&h=600&w=600,"Multiusos Perfumado Bosque Verde, Botella, 1 Litro, 1,30€ por Unidad"
4354,Coloración cabello,Coloración permanente 4 castaño 0% amoníaco Colorcor,Caja 1 ud.,"3,90 €",,https://prod-mercadona.imgix.net/images/8533b00feb1b9452705fa10253d65c9a.jpg?fit=crop&h=600&w=600,https://prod-mercadona.imgix.net/images/0b729f32f6a3097d02674db78b89f01a.jpg?fit=crop&h=600&w=600,"Coloración permanente 4 castaño 0% amoníaco Colorcor, Caja, 1 Unidad, 3,90€ por Unidad"
1182,Harina y preparado repostería,Chocolate negro fundir Hacendado,Tableta 200 g,"2,40 €",,https://prod-mercadona.imgix.net/images/c402c82c0caf8ff549ec508651892379.jpg?fit=crop&h=600&w=600,https://prod-mercadona.imgix.net/images/19f93fb50b43f0c47119076465da5b52.jpg?fit=crop&h=600&w=600,"Chocolate negro fundir Hacendado, Tableta, 200 Gramos, 2,40€ por Unidad"
421,Fruta,Frambuesas,Bandeja 200 g aprox.,"2,74 €",,https://prod-mercadona.imgix.net/images/fa1a8cc94508e2b4712f64b118136902.jpg?fit=crop&h=600&w=600,https://prod-mercadona.imgix.net/images/3083c20ad1da92b830b721a4e04e9738.jpg?fit=crop&h=600&w=600,"Frambuesas, Bandeja, 200 Gramos aprox., 2,74€ por Unidad"
4615,Insecticida y ambientador,Bolsitas antipolillas Lavanda Bosque Verde,Paquete 24 ud.,"1,55 €",,https://prod-mercadona.imgix.net/images/c2545477e2d8a8e8c3cd12e559ffe4d3.jpg?fit=crop&h=600&w=600,https://prod-mercadona.imgix.net/images/abba6b3c8aa14c3fac293f12163b1297.jpg?fit=crop&h=600&w=600,"Bolsitas antipolillas Lavanda Bosque Verde, Paquete, 24 Unidades, 1,55€ por Unidad"
935,Pan de molde y otras especialidades,Pan de molde blanco familiar Hacendado,Paquete 26 rebanadas (820 g),"1,18 €",,https://prod-mercadona.imgix.net/images/84cbbb09e0aaec1b17a520a4b171247e.jpg?fit=crop&h=600&w=600,https://prod-mercadona.imgix.net/images/69f7a90e8716fb68481c792bfcefd803.jpg?fit=crop&h=600&w=600,"Pan de molde blanco familiar Hacendado, Paquete, 26 rebanadas (820 g), 1,18€ por Unidad"
2015,Leche y bebidas vegetales,Bebida de avena Alitey,3 mini bricks x 250 ml,"1,50 €",,https://prod-mercadona.imgix.net/images/0d7db282be8083e76a5d579dec6c9ade.jpg?fit=crop&h=600&w=600,https://prod-mercadona.imgix.net/images/2ff160855148436ed852b3d17863bb12.jpg?fit=crop&h=600&w=600,"Bebida de avena Alitey, 3 mini bricks x 250 Mililitros, 1,50€ por Pack"
1512,Chicles y caramelos,Chicles XXL gragea Hacendado,Paquete 25 chicles (100 g),"1,80 €",,https://prod-mercadona.imgix.net/images/f6144ec5697bb40f24ec68b81d174eae.jpg?fit=crop&h=600&w=600,https://prod-mercadona.imgix.net/images/cfb514af5a8596d270bdd24800994304.jpg?fit=crop&h=600&w=600,"Chicles XXL gragea Hacendado, Paquete, 25 chicles (100 g), 1,80€ por Unidad"
1048,Huevos,Huevos de codorniz,Paquete 18 ud.,"1,85 €",,https://prod-mercadona.imgix.net/images/f884227376ae28f6d79420714cad0f6a.jpg?fit=crop&h=600&w=600,https://prod-mercadona.imgix.net/images/8b9f29fd9af69427e2b40444310efe79.jpg?fit=crop&h=600&w=600,"Huevos de codorniz, Paquete, 18 Unidades, 1,85€ por Unidad"
2969,Sidra y cava,Cava semi seco Señorío De Requena,Botella 750 ml,"3,55 €",,https://prod-mercadona.imgix.net/images/7a9c9d5ea46912b9b4de7b6e195ecd58.jpg?fit=crop&h=600&w=600,https://prod-mercadona.imgix.net/images/b49cbf3fbb683c9ce4a35e90446719dd.jpg?fit=crop&h=600&w=600,"Cava semi seco Señorío De Requena, Botella, 750 Mililitros, 3,55€ por Unidad"
3976,Labios,Perfilador de labios Long Lasting Deliplus 07 rojo,1 ud.,"2,50 €",,https://prod-mercadona.imgix.net/images/9e621b9bdf4c29a0dbf8a89823b1ca57.jpg?fit=crop&h=600&w=600,https://prod-mercadona.imgix.net/images/1905a941d3e05cbe1ff4d41ad49b489a.jpg?fit=crop&h=600&w=600,"Perfilador de labios Long Lasting Deliplus 07 rojo, 1 Unidad, 2,50€ por Unidad"
4603,Insecticida y ambientador,Insecticida moscas y mosquitos Bosque Verde perfumado,Spray 750 ml,"2,25 €",,https://prod-mercadona.imgix.net/images/587718cb0c6e9c65933d86233b078b66.jpg?fit=crop&h=600&w=600,https://prod-mercadona.imgix.net/images/8efd3b219f2dfc02b706a3f6ccbdfc69.jpg?fit=crop&h=600&w=600,"Insecticida moscas y mosquitos Bosque Verde perfumado, Spray, 750 Mililitros, 2,25€ por Unidad"
4475,Pilas y bolsas de basura,Bolsa de basura jardín Bosque Verde 100L cubo industrial,Paquete 10 bolsas,"2,65 €",,https://prod-mercadona.imgix.net/images/95002fdb6fce079fc0f3f0cf1017dca3.jpg?fit=crop&h=600&w=600,https://prod-mercadona.imgix.net/images/a5d178a0535f95eb040b5f9ce8fc00da.jpg?fit=crop&h=600&w=600,"Bolsa de basura jardín Bosque Verde 100L cubo industrial, Paquete, 10 bolsas, 2,65€ por Unidad"
3833,Parafarmacia,Bastoncillos de algodón 100% Deliplus,Caja 200 ud.,"0,90 €",,https://prod-mercadona.imgix.net/images/0c122b2667a171618222455899ce5a0d.jpg?fit=crop&h=600&w=600,https://prod-mercadona.imgix.net/images/b0f46d29099849ea46d28b7afe87a6e1.jpg?fit=crop&h=600&w=600,"Bastoncillos de algodón 100% Deliplus, Caja, 200 Unidades, 0,90€ por Unidad"
2982,Helados,Helado mini nocciola Hacendado,Caja 8 ud. (480 ml),"3,00 €",,https://prod-mercadona.imgix.net/images/e3909faf89e9e7e06b228ee736e88a4e.jpg?fit=crop&h=600&w=600,https://prod-mercadona.imgix.net/images/9a55802e8c885645417d758de9338360.jpg?fit=crop&h=600&w=600,"Helado mini nocciola Hacendado, Caja, 8 Unidades (480 ml), 3,00€ por Unidad"
2374,Pizzas,"Pizza Truffata con queso, champiñones y trufa Hacendado ultracongelada",400 g,"2,90 €",,https://prod-mercadona.imgix.net/images/a1410e6f7373df40bc9530e5afbb0992.jpg?fit=crop&h=600&w=600,https://prod-mercadona.imgix.net/images/2e887a486afa8bd366a2725ba62e2bbb.jpg?fit=crop&h=600&w=600,"Pizza Truffata con queso, champiñones y trufa Hacendado ultracongelada, 400 Gramos, 2,90€ por Unidad"
3520,Higiene íntima,Protegeslip de incontinencia Deliplus pequeño,Caja 34 ud.,"3,10 €",,https://prod-mercadona.imgix.net/images/183538161f6878dffacd07bcfb9a6706.jpg?fit=crop&h=600&w=600,https://prod-mercadona.imgix.net/images/1513bdfd2459b7895c238220ffe1b4e5.jpg?fit=crop&h=600&w=600,"Protegeslip de incontinencia Deliplus pequeño, Caja, 34 Unidades, 3,10€ por Unidad"
206,Pescado congelado,Pulpo crudo Hacendado congelado,Paquete 1 kg aprox.,"17,95 €",,https://prod-mercadona.imgix.net/images/2019e29589ed51e63f678714d6774d8d.jpg?fit=crop&h=600&w=600,https://prod-mercadona.imgix.net/images/336d32923abf489e2c74b6fbcd6ad28a.jpg?fit=crop&h=600&w=600,"Pulpo crudo Hacendado congelado, Paquete, 1 Kilo aprox., 17,95€ por Unidad"
3646,Fijación cabello,Gel fijador cabello X-trem Deliplus fijación 6,Bote 250 ml,"1,60 €",,https://prod-mercadona.imgix.net/images/52b3d2e70a0adff8e7c79f3744e92dfe.jpg?fit=crop&h=600&w=600,https://prod-mercadona.imgix.net/images/a458ee6e83f4949b9d2f81c37c0c741d.jpg?fit=crop&h=600&w=600,"Gel fijador cabello X-trem Deliplus fijación 6, Bote, 250 Mililitros, 1,60€ por Unidad"
1558,Yogures naturales y sabores,Yogur sabor fresa Danone,4 ud. x 120 g,"1,00 €",,https://prod-mercadona.imgix.net/images/f8812260ca6434fc9db5591da5921877.jpg?fit=crop&h=600&w=600,https://prod-mercadona.imgix.net/images/98af3d9f591dba2153a9133bacbceb94.jpg?fit=crop&h=600&w=600,"Yogur sabor fresa Danone, 4 Unidades x 120 Gramos, 1,00€ por Pack"
3149,Gel y jabón de manos,Gel de baño exfoliante Té Chai Deliplus piel normal,Botella 500 ml,"2,50 €",,https://prod-mercadona.imgix.net/images/d09580943f42f5301674dc7f4eb5744a.jpg?fit=crop&h=600&w=600,https://prod-mercadona.imgix.net/images/ec0b98372dcd6594eba75e85f3555306.jpg?fit=crop&h=600&w=600,"Gel de baño exfoliante Té Chai Deliplus piel normal, Botella, 500 Mililitros, 2,50€ por Unidad"
3730,Bases de maquillaje y corrector,Maquillaje fluido Fit Me Maybelline 220 natural beige,1 ud. (30 ml),"7,00 €",,https://prod-mercadona.imgix.net/images/55e0764c91e6c6923143ec9748b24a1e.jpg?fit=crop&h=600&w=600,https://prod-mercadona.imgix.net/images/9da8482e5c929e9abf539943a89747fb.jpg?fit=crop&h=600&w=600,"Maquillaje fluido Fit Me Maybelline 220 natural beige, 1 Unidad (30 ml), 7,00€ por Unidad"
4673,Insecticida y ambientador,Absorbeolores en gel para frigorífico Bosque Verde,Paquete 1 ud.,"1,80 €",,https://prod-mercadona.imgix.net/images/50989fc13967db4f9e58a578e97ed579.jpg?fit=crop&h=600&w=600,https://prod-mercadona.imgix.net/images/5a5e7766b208356c4f5f418c7b08c85a.jpg?fit=crop&h=600&w=600,"Absorbeolores en gel para frigorífico Bosque Verde, Paquete, 1 Unidad, 1,80€ por Unidad"
1156,Café molido y en grano,Café molido natural Cafés Valiente,Paquete 250 g,"4,90 €",,https://prod-mercadona.imgix.net/images/c7bb30cc29919d10e1877219fbf12bea.jpg?fit=crop&h=600&w=600,https://prod-mercadona.imgix.net/images/2f68e4467729d6220267a6ed17367328.jpg?fit=crop&h=600&w=600,"Café molido natural Cafés Valiente, Paquete, 250 Gramos, 4,90€ por Unidad"
3089,Cerveza,Cerveza especial Estrella Galicia,Lata 330 ml,"0,89 €",,https://prod-mercadona.imgix.net/images/5f7e88e26eee7c3865c9d77d5272d99c.jpg?fit=crop&h=600&w=600,https://prod-mercadona.imgix.net/images/d24b991fbeaefd5e67973f0660db86d7.jpg?fit=crop&h=600&w=600,"Cerveza especial Estrella Galicia, Lata, 330 Mililitros, 0,89€ por Unidad"
1228,Café soluble y otras bebidas,Filtros de café para cafeteras tamaño 2 y 4 Bosque Verde,Caja 100 ud.,"2,20 €",,https://prod-mercadona.imgix.net/images/b91e713f26b09a19383a915938d9833c.jpg?fit=crop&h=600&w=600,https://prod-mercadona.imgix.net/images/da290b90d2de5fd1ff71f73ea2d4d769.jpg?fit=crop&h=600&w=600,"Filtros de café para cafeteras tamaño 2 y 4 Bosque Verde, Caja, 100 Unidades, 2,20€ por Unidad"
2086,Gazpacho y cremas,Crema de calabaza y zanahoria Hacendado,Bol 350 g,"1,70 €",,https://prod-mercadona.imgix.net/images/c4f8572501d428cdb9583b35db56e690.jpg?fit=crop&h=600&w=600,https://prod-mercadona.imgix.net/images/eff8d328764c05ee72712c67518c72f0.jpg?fit=crop&h=600&w=600,"Crema de calabaza y zanahoria Hacendado, Bol, 350 Gramos, 1,70€ por Unidad"
738,Queso untable y fresco,Queso fresco cottage semidesnatado de vaca Hacendado,Tarrina 200 g,"1,35 €",,https://prod-mercadona.imgix.net/images/ccf937c7331c2fb05567eda981b55fbc.jpg?fit=crop&h=600&w=600,https://prod-mercadona.imgix.net/images/06018d0d6b229ef722f4ece930938708.jpg?fit=crop&h=600&w=600,"Queso fresco cottage semidesnatado de vaca Hacendado, Tarrina, 200 Gramos, 1,35€ por Unidad"
2073,Leche y bebidas vegetales,Leche condensada Hacendado,Bote 450 g,"2,55 €",,https://prod-mercadona.imgix.net/images/e946b63ac639e0e856989870b08807cf.jpg?fit=crop&h=600&w=600,https://prod-mercadona.imgix.net/images/8eafd4c5765fe94e9162c0b8ead9df75.jpg?fit=crop&h=600&w=600,"Leche condensada Hacendado, Bote, 450 Gramos, 2,55€ por Unidad"
1126,Mantequilla y margarina,Nata para montar Hacendado,Brick 500 ml,"1,90 €",,https://prod-mercadona.imgix.net/images/016b6b32c05e1f972273bf8dbf2b2f8a.jpg?fit=crop&h=600&w=600,https://prod-mercadona.imgix.net/images/52ec214c2e7d4bdc3b0508dd44b6da5c.jpg?fit=crop&h=600&w=600,"Nata para montar Hacendado, Brick, 500 Mililitros, 1,90€ por Unidad"
3791,Higiene y cuidado,Agua de colonia bebé Nenuco,Botella 500 ml,"2,85 €",,https://prod-mercadona.imgix.net/images/5ff603934a45cb735217009e38ba9f20.jpg?fit=crop&h=600&w=600,https://prod-mercadona.imgix.net/images/4e4aa610beab6ec1ac74901a38134124.jpg?fit=crop&h=600&w=600,"Agua de colonia bebé Nenuco, Botella, 500 Mililitros, 2,85€ por Unidad"
3991,Labios,Pintalabios Creamy Deliplus 212 marrón crema,1 ud.,"4,65 €",,https://prod-mercadona.imgix.net/images/523a3e6bc8ebb33c481795ed9c976b90.jpg?fit=crop&h=600&w=600,https://prod-mercadona.imgix.net/images/f78ff1f2bd14d934954e26bda6dc3178.jpg?fit=crop&h=600&w=600,"Pintalabios Creamy Deliplus 212 marrón crema, 1 Unidad, 4,65€ por Unidad"
1120,Mantequilla y margarina,Margarina Flora Proactiv,Tarrina 225 g,"3,09 €",,https://prod-mercadona.imgix.net/images/ab4a5de85d9c4ec0deae8719d2bc2ffd.jpg?fit=crop&h=600&w=600,https://prod-mercadona.imgix.net/images/6a90ec9bb04c901e06a20e7f308d9677.jpg?fit=crop&h=600&w=600,"Margarina Flora Proactiv, Tarrina, 225 Gramos, 3,09€ por Unidad"
179,Pescado congelado,Rodajas de atún de aleta amarilla Hacendado congelado,Bandeja 250 g aprox.,"4,38 €",,https://prod-mercadona.imgix.net/images/9e38f74bd5c28c2d69b8738830c9633e.jpg?fit=crop&h=600&w=600,https://prod-mercadona.imgix.net/images/ee26fb1ba6f9cf9f7e22a1f8b034659e.jpg?fit=crop&h=600&w=600,"Rodajas de atún de aleta amarilla Hacendado congelado, Bandeja, 250 Gramos aprox., 4,38€ por Unidad"
2567,Verdura,Ensaladilla Hacendado ultracongelada,Paquete 1 kg,"1,36 €",,https://prod-mercadona.imgix.net/images/2207791ea61f6613e34ad96bb909d9ab.jpg?fit=crop&h=600&w=600,https://prod-mercadona.imgix.net/images/410ca70ce861f53602d32bf440d65ef8.jpg?fit=crop&h=600&w=600,"Ensaladilla Hacendado ultracongelada, Paquete, 1 Kilo, 1,36€ por Unidad"
612,Verdura,Tomate rallado,Tarrina 290 g,"1,45 €",,https://prod-mercadona.imgix.net/images/edf5605eb1003a3a335d8cc26dcb45f9.jpg?fit=crop&h=600&w=600,https://prod-mercadona.imgix.net/images/59709b044a937880305ac0e71d4ed39c.jpg?fit=crop&h=600&w=600,"Tomate rallado, Tarrina, 290 Gramos, 1,45€ por Unidad"
2763,Refresco de naranja y de limón,Refresco Fanta naranja zero azúcares añadidos,8 latas x 330 ml,"6,16 €","6,16 €",https://prod-mercadona.imgix.net/images/4f417d3a0b711609a1daea581d8995c5.jpg?fit=crop&h=600&w=600,https://prod-mercadona.imgix.net/images/8202ad4e481ca4d5b5edcdfc7a43c759.jpg?fit=crop&h=600&w=600,"Refresco Fanta naranja zero azúcares añadidos, 8 latas x 330 Mililitros, Precio anterior: 6,16€ por Pack, Precio actual: 5,44€ por Pack"
3742,Bases de maquillaje y corrector,Maquillaje base Compacta Deliplus 04 beige oscuro,1 ud. (11 g),"5,50 €",,https://prod-mercadona.imgix.net/images/08f7328536dc0b1b8a633628a5cb9956.jpg?fit=crop&h=600&w=600,https://prod-mercadona.imgix.net/images/4338854c752e266268875f7cdcdcecbf.jpg?fit=crop&h=600&w=600,"Maquillaje base Compacta Deliplus 04 beige oscuro, 1 Unidad (11 g), 5,50€ por Unidad"
4366,Coloración cabello,Coloración permanente 5.79 marrón chocolate Colorcor,Caja 1 ud.,"3,90 €",,https://prod-mercadona.imgix.net/images/5432a4197d8471b62c44c55f45d1497d.jpg?fit=crop&h=600&w=600,https://prod-mercadona.imgix.net/images/0e00e20e24bdf56fa5b618da136b9621.jpg?fit=crop&h=600&w=600,"Coloración permanente 5.79 marrón chocolate Colorcor, Caja, 1 Unidad, 3,90€ por Unidad"
3653,Acondicionador y mascarilla,Acondicionador Suavidad y Brillo Deliplus todo tipo de cabello,Botella 1 L,"1,60 €",,https://prod-mercadona.imgix.net/images/c7dec8b810ef41fbe1dad74f1488f0c4.jpg?fit=crop&h=600&w=600,https://prod-mercadona.imgix.net/images/9e2da4556037b7ed1c598a6cd8e4ffbb.jpg?fit=crop&h=600&w=600,"Acondicionador Suavidad y Brillo Deliplus todo tipo de cabello, Botella, 1 Litro, 1,60€ por Unidad"
141,Marisco,Colas de gambón crudo Hacendado congelado,Bandeja 250 g,"6,55 €",,https://prod-mercadona.imgix.net/images/67b3c6eac598009c6a8dc78fc99f4b8c.jpg?fit=crop&h=600&w=600,https://prod-mercadona.imgix.net/images/95a578c0b94706553035cab44d31776d.jpg?fit=crop&h=600&w=600,"Colas de gambón crudo Hacendado congelado, Bandeja, 250 Gramos, 6,55€ por Unidad"
177,Pescado congelado,Lomos de salmón sin piel y sin espinas Hacendado congelado,Paquete 2 ud. (250 g),"6,50 €",,https://prod-mercadona.imgix.net/images/d276498ce484c1c8c3b247d77589e49d.jpg?fit=crop&h=600&w=600,https://prod-mercadona.imgix.net/images/8c8640b79d98d2037497681f8ea14ada.jpg?fit=crop&h=600&w=600,"Lomos de salmón sin piel y sin espinas Hacendado congelado, Paquete, 2 Unidades (250 g), 6,50€ por Unidad"
841,Embutido curado,Longaniza de Pascua extra Hacendado,Paquete 140 g,"2,35 €",,https://prod-mercadona.imgix.net/images/22d040daf210ad308a0f0f348d55c079.jpg?fit=crop&h=600&w=600,https://prod-mercadona.imgix.net/images/eb25ba47624aad82113bcef1f23fcda0.jpg?fit=crop&h=600&w=600,"Longaniza de Pascua extra Hacendado, Paquete, 140 Gramos, 2,35€ por Unidad"
4663,Insecticida y ambientador,Vela perfumada Chai Bosque Verde,Caja 1 ud.,"1,85 €",,https://prod-mercadona.imgix.net/images/9722ac5eb2710c631ca08b3c56c88dc2.jpg?fit=crop&h=600&w=600,https://prod-mercadona.imgix.net/images/6d035238e2174ef07e53b8c2c98b69c7.jpg?fit=crop&h=600&w=600,"Vela perfumada Chai Bosque Verde, Caja, 1 Unidad, 1,85€ por Unidad"
3666,Acondicionador y mascarilla,Mascarilla Color Intense Deliplus cabello teñido o con mechas,Tarro 400 ml,"2,05 €",,https://prod-mercadona.imgix.net/images/be6ab604ff0ce96c4c8e6799cc704742.jpg?fit=crop&h=600&w=600,https://prod-mercadona.imgix.net/images/bea04a42420c26592b881652dfd4e3d0.jpg?fit=crop&h=600&w=600,"Mascarilla Color Intense Deliplus cabello teñido o con mechas, Tarro, 400 Mililitros, 2,05€ por Unidad"
899,Pan tostado y rallado,Mini biscotes de trigo Minigrill,Caja 60 ud. (120 g),"0,76 €",,https://prod-mercadona.imgix.net/images/7c364d363784d193236d0fc5784cd179.jpg?fit=crop&h=600&w=600,https://prod-mercadona.imgix.net/images/4063aae593967b36e786872f891ab00d.jpg?fit=crop&h=600&w=600,"Mini biscotes de trigo Minigrill, Caja, 60 Unidades (120 g), 0,76€ por Unidad"
1916,Especias,Piñones Hacendado,Bote 70 g,"3,02 €",,https://prod-mercadona.imgix.net/images/e7f664f83a425361c897c64b63c147d2.jpg?fit=crop&h=600&w=600,https://prod-mercadona.imgix.net/images/89361e8294a935797819ef58b4807a1f.jpg?fit=crop&h=600&w=600,"Piñones Hacendado, Bote, 70 Gramos, 3,02€ por Unidad"
1315,Té e infusiones,Té rojo Hacendado,Caja 20 bolsitas (40 g),"1,15 €",,https://prod-mercadona.imgix.net/images/195e55e4f452f92c4fed5b71586472bf.jpg?fit=crop&h=600&w=600,https://prod-mercadona.imgix.net/images/89f99646a5dd5bea74ccf2aa69a77c4d.jpg?fit=crop&h=600&w=600,"Té rojo Hacendado, Caja, 20 bolsitas (40 g), 1,15€ por Unidad"
3442,Cuidado e higiene facial,Tónico facial vitamina C y niacinamida Facial Clean iluminador y antioxidante,Bote 255 ml,"3,50 €",,https://prod-mercadona.imgix.net/images/b6d70bd4ca9cade12cc1043d8d7c4635.jpg?fit=crop&h=600&w=600,https://prod-mercadona.imgix.net/images/3fb64c50a127dbe9e567e91878861d0e.jpg?fit=crop&h=600&w=600,"Tónico facial vitamina C y niacinamida Facial Clean iluminador y antioxidante, Bote, 255 Mililitros, 3,50€ por Unidad"
2836,Agua,Agua mineral grande Nestlé Aquarel,"Botella 1,5 L","0,62 €",,https://prod-mercadona.imgix.net/images/271842cd61ddc0fc2672b2f27411ae55.jpg?fit=crop&h=600&w=600,https://prod-mercadona.imgix.net/images/90a90e6391042b62ba1eb53e57ae37f9.jpg?fit=crop&h=600&w=600,"Agua mineral grande Nestlé Aquarel, Botella, 1,5 Litros, 0,62€ por Unidad"
3351,Higiene bucal,Enjuague bucal Kids Deliplus zero alcohol,Botella 500 ml,"1,40 €",,https://prod-mercadona.imgix.net/images/8aae080a61042763bffd3a5163f2196d.jpg?fit=crop&h=600&w=600,https://prod-mercadona.imgix.net/images/324ed9a112a6cbe1066f3bd18770f2c1.jpg?fit=crop&h=600&w=600,"Enjuague bucal Kids Deliplus zero alcohol, Botella, 500 Mililitros, 1,40€ por Unidad"
2892,Vino tinto,Vino tinto D.O València Arc de Pedra,Botella 750 ml,"3,00 €",,https://prod-mercadona.imgix.net/images/bf2992bdb0b7b98d32fba96d25b20f96.jpg?fit=crop&h=600&w=600,https://prod-mercadona.imgix.net/images/22006477d791e7eae9b573c357e4cfed.jpg?fit=crop&h=600&w=600,"Vino tinto D.O València Arc de Pedra, Botella, 750 Mililitros, 3,00€ por Unidad"
748,Queso untable y fresco,Queso precortado de cabra Hacendado,Paquete 16 porciones (200 g),"2,65 €",,https://prod-mercadona.imgix.net/images/fc820e556adafef4bfb5b53e1da02caf.jpg?fit=crop&h=600&w=600,https://prod-mercadona.imgix.net/images/ee7994043314a8533b2fdf08c750f577.jpg?fit=crop&h=600&w=600,"Queso precortado de cabra Hacendado, Paquete, 16 porciones (200 g), 2,65€ por Unidad"
3072,Cerveza,Cerveza clásica Mahou,12 latas x 330 ml,"9,00 €","9,00 €",https://prod-mercadona.imgix.net/images/b1b88eab797e0178f56e313a057a60e8.jpg?fit=crop&h=600&w=600,https://prod-mercadona.imgix.net/images/d4a72dbd12338bade6dd69aaef9c5a9f.jpg?fit=crop&h=600&w=600,"Cerveza clásica Mahou, 12 latas x 330 Mililitros, Precio anterior: 9,00€ por Pack, Precio actual: 6,96€ por Pack"
895,Pan tostado y rallado,Pan tostado 100% espelta integral Hacendado,Paquete 250 g,"1,47 €",,https://prod-mercadona.imgix.net/images/f0050b5cb2ce40690329091c720346a0.jpg?fit=crop&h=600&w=600,https://prod-mercadona.imgix.net/images/2f5fc5d629caa5bf1f442fc9b7f5c6fb.jpg?fit=crop&h=600&w=600,"Pan tostado 100% espelta integral Hacendado, Paquete, 250 Gramos, 1,47€ por Unidad"
184,Pescado congelado,Aritos de surimi a la romana Hacendado ultracongelados,Paquete 600 g,"2,95 €",,https://prod-mercadona.imgix.net/images/86e727c2c5327ac01ebaf9e752d3ccca.jpg?fit=crop&h=600&w=600,https://prod-mercadona.imgix.net/images/c2d0e5237d5d1f7c23ebc9c1fe3b80aa.jpg?fit=crop&h=600&w=600,"Aritos de surimi a la romana Hacendado ultracongelados, Paquete, 600 Gramos, 2,95€ por Unidad"
3583,Manicura y pedicura,Taco pulidor de uñas manos Deliplus,1 ud.,"1,90 €",,https://prod-mercadona.imgix.net/images/839283bea0a854449c51d528105b1ce8.jpg?fit=crop&h=600&w=600,https://prod-mercadona.imgix.net/images/c986d9a88ce0a15bb7cc1d83518d67d0.jpg?fit=crop&h=600&w=600,"Taco pulidor de uñas manos Deliplus, 1 Unidad, 1,90€ por Unidad"
1674,Yogures líquidos,Bebida láctea natural azucarada L-casei,12 mini botellas x 100 g,"2,25 €",,https://prod-mercadona.imgix.net/images/db66d42c039e5d5802f8593f4fb32afc.jpg?fit=crop&h=600&w=600,https://prod-mercadona.imgix.net/images/3bd7d9aee7018dfa9fbfd60716f5e985.jpg?fit=crop&h=600&w=600,"Bebida láctea natural azucarada L-casei, 12 mini botellas x 100 Gramos, 2,25€ por Pack"
4453,Lejía y líquidos fuertes,Salfumant Bosque Verde,Botella 1 L,"1,10 €",,https://prod-mercadona.imgix.net/images/e7ac2f24ed989ab06f34b4d5d425e156.jpg?fit=crop&h=600&w=600,https://prod-mercadona.imgix.net/images/5383b2b4827bc9e5260d60cba9944710.jpg?fit=crop&h=600&w=600,"Salfumant Bosque Verde, Botella, 1 Litro, 1,10€ por Unidad"
3434,Cuidado e higiene facial,Gel facial limpiador Facial Clean,Bote 250 ml,"2,50 €",,https://prod-mercadona.imgix.net/images/3ddd6bc146d9b13800b9ad1650ede145.jpg?fit=crop&h=600&w=600,https://prod-mercadona.imgix.net/images/3c69cb91cb36bb35ae9b006ac9084ae0.jpg?fit=crop&h=600&w=600,"Gel facial limpiador Facial Clean, Bote, 250 Mililitros, 2,50€ por Unidad"
3544,Higiene íntima,Toallitas íntimas cuidado diario Deliplus,Paquete 25 ud.,"1,40 €",,https://prod-mercadona.imgix.net/images/116507b89748e549a313bae1b40579b4.jpg?fit=crop&h=600&w=600,https://prod-mercadona.imgix.net/images/a73c12268e042f3e446123b205238e9b.jpg?fit=crop&h=600&w=600,"Toallitas íntimas cuidado diario Deliplus, Paquete, 25 Unidades, 1,40€ por Unidad"
3396,Cuidado corporal,Stick para pies anti-rozaduras Deliplus,Bote 4 ml,"2,50 €",,https://prod-mercadona.imgix.net/images/be0f066da99181182b40dc675f90da3e.jpg?fit=crop&h=600&w=600,https://prod-mercadona.imgix.net/images/f7095c68148883b823e5a75ec0b42b57.jpg?fit=crop&h=600&w=600,"Stick para pies anti-rozaduras Deliplus, Bote, 4 Mililitros, 2,50€ por Unidad"
844,Embutido curado,Salami extra Hacendado lonchas,4 paquetes x 60 g,"1,95 €",,https://prod-mercadona.imgix.net/images/3362f113043325ec0c810c3515e4e563.jpg?fit=crop&h=600&w=600,https://prod-mercadona.imgix.net/images/7143d62da6b88157b5ea3f7ed53f709c.jpg?fit=crop&h=600&w=600,"Salami extra Hacendado lonchas, 4 paquetes x 60 Gramos, 1,95€ por Pack"
1779,"Aceite, vinagre y sal",Sal gruesa para hornear Hacendado,Paquete 2 kg,"1,40 €",,https://prod-mercadona.imgix.net/images/c46d67d22d1cf40d537ab349322b8da2.jpg?fit=crop&h=600&w=600,https://prod-mercadona.imgix.net/images/1c37763d53ad3cf42077bffbafc22a2c.jpg?fit=crop&h=600&w=600,"Sal gruesa para hornear Hacendado, Paquete, 2 Kilos, 1,40€ por Unidad"
4423,Coloración cabello,Coloración permanente 0% amoníaco 6.6 rubio oscuro rojizo Colorcor,Caja 1 ud.,"3,90 €",,https://prod-mercadona.imgix.net/images/d728b4ad5a938eb755e383a5e9f47b8e.jpg?fit=crop&h=600&w=600,https://prod-mercadona.imgix.net/images/5ef2ad3ab0f760af2933c872e598222f.jpg?fit=crop&h=600&w=600,"Coloración permanente 0% amoníaco 6.6 rubio oscuro rojizo Colorcor, Caja, 1 Unidad, 3,90€ por Unidad"
589,Verdura,Patatas guarnición,Malla 1 kg,"2,55 €",,https://prod-mercadona.imgix.net/images/df2dd24063ff1787bf0e643da4f9e9ed.jpg?fit=crop&h=600&w=600,https://prod-mercadona.imgix.net/images/f1aaaf4af2adaab8b9680361b6e3f0e9.jpg?fit=crop&h=600&w=600,"Patatas guarnición, Malla, 1 Kilo, 2,55€ por Unidad"
3043,Depilación,Bandas de cera especial piernas Deliplus piel sensible,Caja 20 bandas,"1,40 €",,https://prod-mercadona.imgix.net/images/0c4a23c9991f33b216ba9fc4b2a3efa8.jpg?fit=crop&h=600&w=600,https://prod-mercadona.imgix.net/images/31fcf1b799b9bd1698d8570e703b9f77.jpg?fit=crop&h=600&w=600,"Bandas de cera especial piernas Deliplus piel sensible, Caja, 20 bandas, 1,40€ por Unidad"
1534,Bífidus,Bífidus desnatado probiótico con frutos silvestres Hacendado 0% m.g. 0% sin azúcares añadidos,4 ud. x 125 g,"1,25 €",,https://prod-mercadona.imgix.net/images/a39c6e7f1ed88ce6e162d74517cd7ef3.jpg?fit=crop&h=600&w=600,https://prod-mercadona.imgix.net/images/3578900fe81ca43dc39783ef78de29dc.jpg?fit=crop&h=600&w=600,"Bífidus desnatado probiótico con frutos silvestres Hacendado 0% m.g. 0% sin azúcares añadidos, 4 Unidades x 125 Gramos, 1,25€ por Pack"
4514,"Estropajo, bayeta y guantes",Posavajillas Bosque Verde,Paquete 1 ud.,"1,35 €",,https://prod-mercadona.imgix.net/images/0f3253e85e3474cd05865be14950d74b.jpg?fit=crop&h=600&w=600,https://prod-mercadona.imgix.net/images/5008b5b1707cbe19f015b6fe12642a50.jpg?fit=crop&h=600&w=600,"Posavajillas Bosque Verde, Paquete, 1 Unidad, 1,35€ por Unidad"
743,Queso untable y fresco,Queso de cabra Montesinos,2 tarrinas x 100 g,"3,12 €",,https://prod-mercadona.imgix.net/images/4c4f91a936db681d42655c78686f4e63.jpg?fit=crop&h=600&w=600,https://prod-mercadona.imgix.net/images/b4055c5a1aede3802113528904a7ecef.jpg?fit=crop&h=600&w=600,"Queso de cabra Montesinos, 2 tarrinas x 100 Gramos, 3,12€ por Pack"
3690,Colorete y polvos,Colorete compacto Blush Luminoso Deliplus 03 dorado,1 ud.,"5,00 €",,https://prod-mercadona.imgix.net/images/5163bceca365b88bff5c81020af0c5a5.jpg?fit=crop&h=600&w=600,https://prod-mercadona.imgix.net/images/4284816d6a60e1a12200bd3308f144a7.jpg?fit=crop&h=600&w=600,"Colorete compacto Blush Luminoso Deliplus 03 dorado, 1 Unidad, 5,00€ por Unidad"
2443,Marisco,Gambón congelado,Granel 150 g aprox.,"1,79 €",,https://prod-mercadona.imgix.net/images/8a6cce24488444736497d91a7a5ec404.jpg?fit=crop&h=600&w=600,https://prod-mercadona.imgix.net/images/ecab4207f0cb94e84af89d7ef72aed4d.jpg?fit=crop&h=600&w=600,"Gambón congelado, Granel, 150 Gramos aprox., 1,79€ por 150 Gramos"
4041,Limpieza cocina,Limpiador Vitrocerámicas Bosque Verde 3 en 1,Botella 500 ml,"2,00 €",,https://prod-mercadona.imgix.net/images/d8cbad586a8159856a1d369cc465f693.jpg?fit=crop&h=600&w=600,https://prod-mercadona.imgix.net/images/99babb93b76ada60a428cc2a19f4e57f.jpg?fit=crop&h=600&w=600,"Limpiador Vitrocerámicas Bosque Verde 3 en 1, Botella, 500 Mililitros, 2,00€ por Unidad"
4110,Perfume y colonia,Mini eau de parfum hombre Flor de Mayo Football,Frasco 50 ml,"3,30 €",,https://prod-mercadona.imgix.net/images/18488ffb4224b21d1a8c1c7454413ca8.jpg?fit=crop&h=600&w=600,https://prod-mercadona.imgix.net/images/caff8ba906edafd9f2fac02a1eef6c62.jpg?fit=crop&h=600&w=600,"Mini eau de parfum hombre Flor de Mayo Football, Frasco, 50 Mililitros, 3,30€ por Unidad"
3904,Alimentación infantil,Preparado lácteo con cereales crecimiento Hacendado +1 año,6 bricks x 1 L,"9,00 €",,https://prod-mercadona.imgix.net/images/e699a50cc6e2a0cf252768c44dc58ee3.jpg?fit=crop&h=600&w=600,https://prod-mercadona.imgix.net/images/ee059d9d342240b88ff66626f91fe57e.jpg?fit=crop&h=600&w=600,"Preparado lácteo con cereales crecimiento Hacendado +1 año, 6 bricks x 1 Litro, 9,00€ por Pack"
3695,Colorete y polvos,Colorete fluido Blush luminoso Deliplus 01,1 ud. (12 ml),"5,00 €",,https://prod-mercadona.imgix.net/images/bfa6f7aa3f9a128af666ce2897fd56e9.jpg?fit=crop&h=600&w=600,https://prod-mercadona.imgix.net/images/df808bc801286a05e7a1664f95e5edc9.jpg?fit=crop&h=600&w=600,"Colorete fluido Blush luminoso Deliplus 01, 1 Unidad (12 ml), 5,00€ por Unidad"
3287,Licores,Licor crema de fresa Royal Swan,Botella 700 ml,"6,00 €",,https://prod-mercadona.imgix.net/images/607984889d7b0eec6eaea2009f4a6645.jpg?fit=crop&h=600&w=600,https://prod-mercadona.imgix.net/images/8e35cd6fc1372772f452d5c7054b08cb.jpg?fit=crop&h=600&w=600,"Licor crema de fresa Royal Swan, Botella, 700 Mililitros, 6,00€ por Unidad"
4047,Perfume y colonia,Eau de parfum mujer Rose Nude,Frasco 100 ml,"9,00 €",,https://prod-mercadona.imgix.net/images/09a2a539e7291c35ad1fb383abf1b421.jpg?fit=crop&h=600&w=600,https://prod-mercadona.imgix.net/images/2adea4afd4407ec7a06f30685d55c125.jpg?fit=crop&h=600&w=600,"Eau de parfum mujer Rose Nude, Frasco, 100 Mililitros, 9,00€ por Unidad"
166,Pescado congelado,Filete de salmón rosado salvaje con piel Hacendado ultracongelado,Pieza 300 g aprox. escurrido,"3,88 €",,https://prod-mercadona.imgix.net/images/9433ea335072ed81924f318ac4cdb24e.jpg?fit=crop&h=600&w=600,https://prod-mercadona.imgix.net/images/bb8c57ce7dcda996ec10dd02143fb0a1.jpg?fit=crop&h=600&w=600,"Filete de salmón rosado salvaje con piel Hacendado ultracongelado, Pieza, 300 Gramos aprox. escurrido, 3,88€ por Unidad"
2497,Pescado,Ventrescas de merluza del Cabo Vento ultracongeladas,Paquete 400 g,"3,20 €","3,20 €",https://prod-mercadona.imgix.net/images/54f2c91f5f0f12e0b10c2bfec9844703.jpg?fit=crop&h=600&w=600,https://prod-mercadona.imgix.net/images/4712feaf337e3b2a5e8bcbbe78ec9f7d.jpg?fit=crop&h=600&w=600,"Ventrescas de merluza del Cabo Vento ultracongeladas, Paquete, 400 Gramos, Precio anterior: 3,20€ por Unidad, Precio actual: 2,80€ por Unidad"
3463,Cuidado e higiene facial,Crema facial Antiarrugas y Reafirmante Men care Deliplus ácido hialurónico y matrixyl,Bote 50 ml,"5,00 €",,https://prod-mercadona.imgix.net/images/26c6306f83e397d77642140402af865c.jpg?fit=crop&h=600&w=600,https://prod-mercadona.imgix.net/images/2daaf0fd558224dd26618874e165f088.jpg?fit=crop&h=600&w=600,"Crema facial Antiarrugas y Reafirmante Men care Deliplus ácido hialurónico y matrixyl, Bote, 50 Mililitros, 5,00€ por Unidad"
1357,Mermelada y miel,Confitura de fresa Hacendado 0% azúcares añadidos,Tarro 380 g,"1,60 €",,https://prod-mercadona.imgix.net/images/61d7e70d6c4f3ff537231caafc94d1aa.jpg?fit=crop&h=600&w=600,https://prod-mercadona.imgix.net/images/d9ddd0e8377fe799133c9c2eefae4766.jpg?fit=crop&h=600&w=600,"Confitura de fresa Hacendado 0% azúcares añadidos, Tarro, 380 Gramos, 1,60€ por Unidad"
3493,Higiene íntima,Compresa con alas super Deliplus Suave,Paquete 28 ud.,"2,15 €",,https://prod-mercadona.imgix.net/images/f27cc8afa07617d5d40df8be55b76960.jpg?fit=crop&h=600&w=600,https://prod-mercadona.imgix.net/images/20e9ce6f3c12b5e4526bdfda33d758b3.jpg?fit=crop&h=600&w=600,"Compresa con alas super Deliplus Suave, Paquete, 28 Unidades, 2,15€ por Unidad"
234,Arreglos,Chorizo asturiano,Paquete 250 g,"2,80 €",,https://prod-mercadona.imgix.net/images/e3d5d0a71e1aeb4f384910f2c8aebeda.jpg?fit=crop&h=600&w=600,https://prod-mercadona.imgix.net/images/abd7cc309836509193fdaf58c58a5096.jpg?fit=crop&h=600&w=600,"Chorizo asturiano, Paquete, 250 Gramos, 2,80€ por Unidad"
3623,Pinceles y brochas,Kit nude de pinceles rostro Deliplus,Caja 3 ud.,"6,00 €",,https://prod-mercadona.imgix.net/images/9b65432808c73ead568696b7964fc56b.jpg?fit=crop&h=600&w=600,https://prod-mercadona.imgix.net/images/9ff63a606f2e6047889bb5ea95ac6224.jpg?fit=crop&h=600&w=600,"Kit nude de pinceles rostro Deliplus, Caja, 3 Unidades, 6,00€ por Unidad"
3558,Manicura y pedicura,Laca de uñas base brillo Deliplus 67,1 ud. (11 ml),"2,50 €",,https://prod-mercadona.imgix.net/images/d2f5c0bff6b3629eff73a30539a00ab1.jpg?fit=crop&h=600&w=600,https://prod-mercadona.imgix.net/images/44df374eb0c9ce1c17fe7123f2b58828.jpg?fit=crop&h=600&w=600,"Laca de uñas base brillo Deliplus 67, 1 Unidad (11 ml), 2,50€ por Unidad"
1829,Tomate,Tomate frito Hacendado con aceite de oliva,3 mini bricks x 210 g,"1,40 €",,https://prod-mercadona.imgix.net/images/bac47a7f2186be4ef7b42b3fbc3775d6.jpg?fit=crop&h=600&w=600,https://prod-mercadona.imgix.net/images/c96de1c66242b5a0ee7c6a0d8973fac6.jpg?fit=crop&h=600&w=600,"Tomate frito Hacendado con aceite de oliva, 3 mini bricks x 210 Gramos, 1,40€ por Pack"
394,Fruta,Melón Galia,"Pieza 1,14 kg aprox.","2,17 €",,https://prod-mercadona.imgix.net/images/f7d56f5d9fc9bd92c12a9191f1a42d1f.jpg?fit=crop&h=600&w=600,https://prod-mercadona.imgix.net/images/56a55a2b897c2e16b7bb8f4bd6d6ca26.jpg?fit=crop&h=600&w=600,"Melón Galia, Pieza, 1,14 Kilos aprox., 2,17€ por Unidad"
2882,Vino tinto,Vino tinto D.O Ribera del Duero Abadía Mantrús reserva,Botella 750 ml,"6,00 €",,https://prod-mercadona.imgix.net/images/4cd1d7237770fe91f7dbde6a0ace0523.jpg?fit=crop&h=600&w=600,https://prod-mercadona.imgix.net/images/ff8ae59ed4bdc6ca044e7e243e3e1355.jpg?fit=crop&h=600&w=600,"Vino tinto D.O Ribera del Duero Abadía Mantrús reserva, Botella, 750 Mililitros, 6,00€ por Unidad"
